laser_id,x_pixel,y_pixel,distance_cm
1,80,291,51.9376
1,81,291,51.9131
1,82,292,51.8733
1,83,292,51.8424
1,84,293,51.8006
1,85,293,51.7665
1,86,293,51.6888
1,87,294,51.6112
1,88,294,51.5339
1,89,295,51.4413
1,90,295,51.3643
1,91,296,51.2722
1,92,296,51.18
1,93,297,51.1034
1,94,298,51.0117
1,95,298,50.9354
1,96,299,50.8591
1,97,299,50.7832
1,98,299,50.7072
1,99,300,50.6316
1,100,300,50.5712
1,101,300,50.5108
1,102,301,50.4657
1,103,301,50.4056
1,104,302,50.3454
1,105,302,50.3005
1,106,302,50.2555
1,107,302,50.1956
1,108,303,50.1508
1,109,303,50.0912
1,110,303,50.0466
1,111,303,49.9873
1,112,304,49.928
1,113,304,49.8686
1,114,305,49.8095
1,115,305,49.7504
1,116,306,49.6767
1,117,306,49.5885
1,118,306,49.5151
1,119,307,49.4272
1,120,307,49.3541
1,121,308,49.2665
1,122,309,49.1937
1,123,309,49.1066
1,124,310,49.0194
1,125,310,48.9326
1,126,311,48.8458
1,127,311,48.7736
1,128,312,48.7017
1,129,312,48.6298
1,130,313,48.5724
1,131,313,48.515
1,132,313,48.4721
1,133,314,48.4291
1,134,314,48.4005
1,135,314,48.372
1,136,314,48.3577
1,137,314,48.3434
1,138,314,48.3292
1,139,314,48.3292
1,140,314,48.3292
1,141,314,48.3292
1,142,314,48.3292
1,143,314,48.3292
1,144,314,48.3292
1,145,314,48.3292
1,146,314,48.3292
1,147,314,48.3292
1,148,314,48.3292
1,149,314,48.3292
1,150,314,48.3292
1,151,314,48.3292
1,152,314,48.3292
1,153,314,48.3292
1,154,314,48.3292
1,155,314,48.315
1,156,314,48.3008
1,157,314,48.2724
1,158,314,48.23
1,159,314,48.1735
1,160,315,48.117
1,161,315,48.0466
1,162,316,47.9622
1,163,317,47.864
1,164,318,47.7519
1,165,318,47.6261
1,166,319,47.5008
1,167,320,47.3618
1,168,321,47.2234
1,169,322,47.0855
1,170,323,46.9616
1,171,324,46.8243
1,172,325,46.6875
1,173,326,46.5646
1,174,327,46.4556
1,175,327,46.347
1,176,328,46.2521
1,177,329,46.1576
1,178,329,46.0768
1,179,329,45.9963
1,180,330,45.9293
1,181,330,45.8491
1,182,331,45.7824
1,183,331,45.7291
1,184,332,45.6626
1,185,332,45.5961
1,186,333,45.543
1,187,333,45.49
1,188,333,45.4371
1,189,334,45.3842
1,190,334,45.3315
1,191,334,45.2788
1,192,334,45.2263
1,193,335,45.1608
1,194,335,45.0954
1,195,336,45.0431
1,196,336,44.9778
1,197,337,44.9125
1,198,338,44.8473
1,199,338,44.7823
1,200,338,44.7173
1,201,339,44.6653
1,202,339,44.6134
1,203,339,44.5746
1,204,340,44.5487
1,205,340,44.5228
1,206,340,44.497
1,207,340,44.4841
1,208,340,44.4711
1,209,340,44.4582
1,210,340,44.4582
1,211,340,44.4582
1,212,340,44.4582
1,213,340,44.4454
1,214,340,44.4325
1,215,340,44.4197
1,216,340,44.4068
1,217,340,44.3811
1,218,341,44.3554
1,219,341,44.3298
1,220,341,44.2913
1,221,341,44.2529
1,222,342,44.2144
1,223,342,44.1632
1,224,342,44.1249
1,225,343,44.0739
1,226,343,44.0229
1,227,343,43.9719
1,228,344,43.9338
1,229,344,43.8956
1,230,345,43.8574
1,231,345,43.8194
1,232,345,43.7813
1,233,345,43.7433
1,234,345,43.718
1,235,345,43.6801
1,236,346,43.6549
1,237,346,43.6296
1,238,346,43.5919
1,239,346,43.5666
1,240,347,43.5414
1,241,347,43.5162
1,242,347,43.5036
1,243,348,43.491
1,244,347,43.4784
1,245,347,43.4533
1,246,347,43.4407
1,247,347,43.4282
1,248,347,43.4156
1,249,347,43.4282
1,250,348,43.4282
1,251,348,43.4408
1,252,348,43.4534
1,253,348,43.466
1,254,347,43.4785
1,255,347,43.4911
1,256,346,43.5163
1,257,346,43.554
1,258,346,43.5918
1,259,346,43.6296
1,260,346,43.6548
1,261,346,43.68
1,262,345,43.7054
1,263,345,43.7307
1,264,345,43.7687
1,265,345,43.8067
1,266,345,43.8576
1,267,344,43.9084
1,268,344,43.9594
1,269,343,44.0104
1,270,343,44.0613
1,271,342,44.1252
1,272,342,44.189
1,273,341,44.2402
1,274,341,44.2914
1,275,341,44.3557
1,276,340,44.433
1,277,340,44.4976
1,278,340,44.5621
1,279,340,44.6138
1,280,338,44.6786
1,281,337,44.7434
1,282,337,44.7953
1,283,337,44.8603
1,284,337,44.9385
1,285,336,45.0299
1,286,336,45.0954
1,287,336,45.1478
1,288,335,45.2003
1,289,334,45.2528
1,290,333,45.2921
1,291,333,45.3184
1,292,333,45.3315
1,293,333,45.3446
1,294,333,45.3446
1,295,334,45.3183
1,296,334,45.2789
1,297,335,45.2394
1,298,335,45.2
1,299,335,45.1475
1,300,336,45.082
1,301,336,45.0297
1,302,336,44.9645
1,303,336,44.8866
1,304,337,44.7959
1,305,338,44.7052
1,306,338,44.6148
1,307,339,44.5117
1,308,341,44.396
1,309,342,44.2676
1,310,342,44.1522
1,311,343,44.0499
1,312,344,43.9475
1,313,345,43.8455
1,314,346,43.7567
1,315,346,43.6808
1,316,346,43.5923
1,317,346,43.5292
1,318,347,43.4787
1,319,348,43.4284
1,320,348,43.3908
1,321,349,43.3532
1,322,348,43.3155
1,323,348,43.2779
1,324,349,43.2528
1,325,349,43.2528
1,326,349,43.2528
1,327,349,43.2653
1,328,349,43.2653
1,329,349,43.2653
1,330,348,43.2778
1,331,348,43.2903
1,332,348,43.3028
1,333,348,43.3028
1,334,348,43.3028
1,335,348,43.3028
1,336,348,43.2903
1,337,348,43.2778
1,338,349,43.2653
1,339,349,43.2528
1,340,349,43.2403
1,341,349,43.2278
1,342,349,43.2153
1,343,349,43.2028
1,344,349,43.2028
1,345,349,43.2028
1,346,349,43.2028
1,347,349,43.1904
1,348,349,43.1655
1,349,349,43.1282
1,350,349,43.091
1,351,349,43.0661
1,352,350,43.0536
1,353,351,43.0412
1,354,352,43.0287
1,355,352,43.0163
1,356,351,43.0038
1,357,350,42.9913
1,358,350,42.9913
1,359,350,43.0038
1,360,350,43.0286
1,361,350,43.0533
1,362,350,43.0658
1,363,350,43.0658
1,364,350,43.0658
1,365,350,43.0658
1,366,350,43.0658
1,367,350,43.0658
1,368,350,43.0658
1,369,350,43.0658
1,370,350,43.0658
1,371,350,43.0658
1,372,350,43.0658
1,373,350,43.0658
1,374,350,43.0658
1,375,350,43.0533
1,376,350,43.0409
1,377,350,43.0285
1,378,350,43.0161
1,379,350,43.0037
1,380,351,42.9913
1,381,351,42.9788
1,382,351,42.9664
1,383,351,42.954
1,384,351,42.954
1,385,351,42.954
1,386,351,42.9789
1,387,351,43.0038
1,388,351,43.0286
1,389,350,43.0535
1,390,350,43.0909
1,391,349,43.1283
1,392,349,43.1782
1,393,349,43.2281
1,394,349,43.2781
1,395,348,43.3282
1,396,348,43.3909
1,397,347,43.4412
1,398,347,43.5041
1,399,347,43.5798
1,400,346,43.6555
1,401,345,43.7187
1,402,345,43.7818
1,403,344,43.8325
1,404,343,43.8831
1,405,343,43.9337
1,406,343,43.9718
1,407,343,44.0099
1,408,343,44.0481
1,409,343,44.0864
1,410,343,44.112
1,411,343,44.1376
1,412,342,44.1504
1,413,342,44.1631
1,414,341,44.1759
1,415,341,44.1887
1,416,341,44.2143
1,417,342,44.2527
1,418,342,44.2784
1,419,342,44.3041
1,420,342,44.3298
1,421,341,44.3556
1,422,340,44.3814
1,423,340,44.4329
1,424,340,44.4845
1,425,339,44.549
1,426,339,44.6136
1,427,339,44.6783
1,428,338,44.7303
1,429,338,44.7953
1,430,337,44.8603
1,431,337,44.9255
1,432,336,44.9908
1,433,336,45.0561
1,434,335,45.1084
1,435,335,45.1607
1,436,334,45.2131
1,437,334,45.2789
1,438,334,45.3449
1,439,334,45.4242
1,440,334,45.5038
1,441,333,45.5834
1,442,332,45.6634
1,443,331,45.7568
1,444,330,45.8502
1,445,329,45.9572
1,446,329,46.0641
1,447,328,46.1715
1,448,327,46.2656
1,449,327,46.3601
1,450,326,46.4825
1,451,326,46.6193
1,452,325,46.7842
1,453,325,46.9638
1,454,324,47.1441
1,455,321,47.353
1,456,319,47.5627
1,457,317,47.7869
1,458,315,47.9975
1,459,314,48.1936
1,460,312,48.3617
1,461,311,48.4885
1,462,310,48.6164
1,463,310,48.7307
1,464,311,48.8168
1,465,312,48.9033
1,466,312,48.9611
1,467,310,49.0046
1,468,309,49.0337
1,469,309,49.0773
1,470,308,49.1355
1,471,308,49.2079
1,472,308,49.2804
1,473,308,49.3241
1,474,307,49.368
1,475,307,49.4118
1,476,307,49.4411
1,477,307,49.4704
1,478,307,49.5144
1,479,306,49.5585
1,480,306,49.5879
1,481,306,49.6173
1,482,306,49.6615
1,483,305,49.7058
1,484,305,49.75
1,485,305,49.7795
1,486,305,49.824
1,487,304,49.8833
1,488,304,49.9277
1,489,304,49.9574
1,490,304,49.987
1,491,303,50.0167
1,492,302,50.0464
1,493,303,50.0762
1,494,303,50.121
1,495,303,50.1808
1,496,303,50.2558
1,497,303,50.3311
1,498,302,50.4067
1,499,301,50.4973
1,500,300,50.5878
1,501,299,50.6784
1,502,298,50.7843
1,503,297,50.8901
1,504,297,50.9811
1,505,297,51.0724
1,506,297,51.1487
1,507,296,51.2099
1,508,296,51.2713
1,509,296,51.3175
1,510,295,51.3792
1,511,295,51.4409
1,512,295,51.5182
1,513,294,51.5802
1,514,294,51.6578
1,515,293,51.7512
1,516,293,51.8292
1,517,292,51.923
1,518,292,52.0327
1,519,291,52.1269
1,520,290,52.2371
1,521,290,52.3478
1,522,289,52.4585
1,523,288,52.5859
1,524,288,52.7295
1,525,287,52.8575
1,526,286,52.986
1,527,286,53.131
1,528,284,53.2766
1,529,283,53.4229
1,530,283,53.5693
1,531,282,53.7163
1,532,281,53.864
1,533,280,54.0285
1,534,279,54.1607
1,535,279,54.2936
1,536,278,54.4434
1,537,277,54.594
1,538,276,54.7625
1,539,276,54.9318
1,540,275,55.1019
1,541,274,55.2896
1,542,273,55.4782
1,543,271,55.65
1,544,270,55.8227
1,545,269,56.0132
1,546,268,56.9162
1,547,267,57.8023
1,548,267,58.6932
1,549,266,59.5719
1,550,265,60.4555
1,544,228,61.344
1,545,228,62.2151
1,546,227,63.0911
1,547,226,63.9671
1,548,225,63.2555
1,549,224,62.5126
1,550,224,61.0402
1,551,223,59.5678
1,552,223,58.0599
2,104,386,56.53
2,105,387,54.9778
2,106,387,53.4033
2,107,387,51.8152
2,108,388,50.2047
2,109,388,48.5941
2,110,388,48.54
2,111,388,48.4995
2,112,389,48.459
2,113,389,48.4184
2,114,389,48.3915
2,115,390,48.3645
2,116,390,48.3241
2,117,390,48.2837
2,118,390,48.2568
2,119,390,48.2166
2,120,390,48.1763
2,121,391,48.1496
2,122,391,48.1228
2,123,391,48.0827
2,124,392,48.0425
2,125,392,48.0024
2,126,392,47.949
2,127,392,47.909
2,128,393,47.8558
2,129,393,47.8026
2,130,393,47.7627
2,131,394,47.7229
2,132,394,47.683
2,133,395,47.6432
2,134,395,47.6035
2,135,395,47.5638
2,136,395,47.524
2,137,395,47.4976
2,138,395,47.458
2,139,396,47.4317
2,140,396,47.4053
2,141,396,47.379
2,142,396,47.3526
2,143,397,47.3132
2,144,397,47.2737
2,145,397,47.2474
2,146,397,47.2081
2,147,397,47.1688
2,148,398,47.1164
2,149,398,47.0772
2,150,398,47.038
2,151,399,46.9988
2,152,399,46.9596
2,153,400,46.9204
2,154,400,46.8943
2,155,400,46.8683
2,156,400,46.8552
2,157,400,46.8552
2,158,400,46.8552
2,159,400,46.8813
2,160,400,46.9205
2,161,399,46.9728
2,162,399,47.0384
2,163,399,47.1039
2,164,398,47.1695
2,165,397,47.235
2,166,396,47.3138
2,167,395,47.3796
2,168,395,47.4586
2,169,395,47.5377
2,170,395,47.6037
2,171,394,47.6565
2,172,394,47.7096
2,173,393,47.7494
2,174,393,47.7759
2,175,393,47.8025
2,176,393,47.8157
2,177,392,47.8025
2,178,392,47.7892
2,179,393,47.7495
2,180,393,47.6966
2,181,394,47.6176
2,182,395,47.5255
2,183,395,47.3942
2,184,396,47.25
2,185,397,47.0934
2,186,399,46.8986
2,187,400,46.7045
2,188,402,46.511
2,189,403,46.3049
2,190,405,46.1119
2,191,408,45.9322
2,192,409,45.7786
2,193,410,45.6255
2,194,411,45.4984
2,195,411,45.3716
2,196,411,45.258
2,197,411,45.1703
2,198,412,45.0951
2,199,412,45.0203
2,200,413,44.958
2,201,414,44.8833
2,202,415,44.8087
2,203,415,44.7217
2,204,416,44.6473
2,205,416,44.5729
2,206,417,44.5109
2,207,417,44.4615
2,208,418,44.4122
2,209,418,44.3506
2,210,418,44.3014
2,211,418,44.2523
2,212,418,44.2033
2,213,419,44.1543
2,214,420,44.1176
2,215,420,44.0808
2,216,420,44.0441
2,217,421,44.0074
2,218,421,43.9707
2,219,421,43.9463
2,220,421,43.9219
2,221,421,43.8855
2,222,421,43.849
2,223,421,43.8126
2,224,421,43.7642
2,225,422,43.7037
2,226,423,43.6433
2,227,423,43.5828
2,228,424,43.5104
2,229,425,43.438
2,230,426,43.3655
2,231,426,43.3053
2,232,426,43.2452
2,233,427,43.1851
2,234,427,43.1371
2,235,427,43.1011
2,236,427,43.0653
2,237,428,43.0295
2,238,428,42.9936
2,239,428,42.9698
2,240,428,42.934
2,241,429,42.8983
2,242,429,42.8625
2,243,429,42.8388
2,244,429,42.815
2,245,430,42.7912
2,246,430,42.7674
2,247,430,42.7555
2,248,430,42.7318
2,249,430,42.7081
2,250,430,42.6725
2,251,430,42.6489
2,252,430,42.6252
2,253,431,42.6016
2,254,431,42.5779
2,255,432,42.5543
2,256,432,42.5306
2,257,432,42.507
2,258,432,42.4833
2,259,432,42.4715
2,260,432,42.4715
2,261,432,42.4833
2,262,432,42.4951
2,263,432,42.4951
2,264,432,42.4951
2,265,431,42.4951
2,266,431,42.4951
2,267,431,42.4951
2,268,432,42.4951
2,269,432,42.4951
2,270,432,42.4951
2,271,432,42.4833
2,272,432,42.4715
2,273,432,42.4597
2,274,432,42.4597
2,275,432,42.4597
2,276,432,42.4597
2,277,432,42.4597
2,278,432,42.4715
2,279,432,42.4833
2,280,432,42.4951
2,281,432,42.5069
2,282,432,42.5306
2,283,431,42.5542
2,284,431,42.5779
2,285,431,42.6134
2,286,431,42.649
2,287,430,42.6964
2,288,430,42.7438
2,289,430,42.7914
2,290,429,42.851
2,291,429,42.9226
2,292,428,42.9941
2,293,428,43.0659
2,294,427,43.1498
2,295,426,43.2337
2,296,425,43.3178
2,297,425,43.4141
2,298,424,43.4985
2,299,423,43.5829
2,300,423,43.6431
2,301,422,43.6914
2,302,421,43.7398
2,303,421,43.7883
2,304,421,43.8125
2,305,422,43.8246
2,306,422,43.8246
2,307,421,43.8125
2,308,421,43.7761
2,309,422,43.7397
2,310,422,43.6913
2,311,423,43.6671
2,312,423,43.6429
2,313,424,43.5944
2,314,424,43.546
2,315,425,43.4977
2,316,424,43.4494
2,317,424,43.4133
2,318,425,43.3771
2,319,425,43.3411
2,320,426,43.305
2,321,426,43.281
2,322,426,43.245
2,323,426,43.2089
2,324,427,43.1849
2,325,427,43.149
2,326,427,43.125
2,327,427,43.1011
2,328,427,43.0772
2,329,427,43.0413
2,330,428,43.0175
2,331,428,42.9817
2,332,428,42.946
2,333,428,42.9103
2,334,429,42.8745
2,335,429,42.8388
2,336,430,42.8032
2,337,430,42.7675
2,338,430,42.7319
2,339,430,42.6963
2,340,430,42.6725
2,341,431,42.6488
2,342,431,42.637
2,343,431,42.637
2,344,431,42.637
2,345,431,42.637
2,346,431,42.637
2,347,431,42.6488
2,348,430,42.6607
2,349,430,42.6725
2,350,430,42.6843
2,351,430,42.6962
2,352,430,42.708
2,353,430,42.7199
2,354,430,42.7199
2,355,430,42.7199
2,356,430,42.7199
2,357,430,42.7199
2,358,430,42.7199
2,359,430,42.7199
2,360,430,42.7318
2,361,430,42.7436
2,362,430,42.7555
2,363,430,42.7674
2,364,430,42.7793
2,365,429,42.7911
2,366,429,42.8149
2,367,429,42.8387
2,368,429,42.8625
2,369,429,42.8982
2,370,429,42.934
2,371,428,42.9578
2,372,428,42.9817
2,373,428,43.0175
2,374,427,43.0534
2,375,427,43.0892
2,376,427,43.1251
2,377,427,43.149
2,378,426,43.1849
2,379,426,43.2209
2,380,426,43.2449
2,381,426,43.2689
2,382,426,43.3049
2,383,425,43.341
2,384,425,43.3651
2,385,425,43.3891
2,386,425,43.4132
2,387,424,43.4373
2,388,424,43.4734
2,389,424,43.4976
2,390,424,43.5339
2,391,424,43.5701
2,392,424,43.6064
2,393,423,43.6306
2,394,423,43.667
2,395,422,43.7034
2,396,422,43.7397
2,397,422,43.7761
2,398,422,43.8247
2,399,421,43.8612
2,400,421,43.8977
2,401,421,43.922
2,402,421,43.9586
2,403,420,43.9952
2,404,420,44.0318
2,405,420,44.0685
2,406,420,44.1052
2,407,419,44.1542
2,408,419,44.2032
2,409,419,44.2401
2,410,418,44.2892
2,411,418,44.3384
2,412,417,44.3999
2,413,417,44.4492
2,414,417,44.4985
2,415,416,44.5603
2,416,416,44.6097
2,417,415,44.6717
2,418,415,44.7213
2,419,415,44.7834
2,420,414,44.8455
2,421,414,44.9078
2,422,413,44.9827
2,423,413,45.0452
2,424,412,45.1203
2,425,412,45.1954
2,426,411,45.2708
2,427,410,44.9826
2,428,410,44.6705
2,429,409,44.3583
2,430,409,44.0221
2,431,408,43.6744
2,116,438,43.3026
2,117,439,42.9069
2,118,439,42.4997
2,119,440,42.0685
2,120,441,41.6374
2,121,442,41.1822
2,122,443,41.0792
2,123,444,40.9877
2,124,445,41.6654
2,125,445,42.3547
2,126,446,43.0554
2,127,447,43.7677
2,128,447,44.4914
2,448,385,45.2265
2,449,385,45.9867
2,450,385,46.7468
2,451,385,47.5184
2,452,385,48.3012
2,453,385,49.0841
2,454,384,49.0978
2,455,384,49.1252
2,456,384,49.1526
2,457,384,49.1801
2,458,384,49.2213
2,459,384,49.2625
2,460,383,49.29
2,461,383,49.3176
2,462,383,49.3451
2,463,382,49.3726
2,464,382,49.414
2,465,382,49.4553
2,466,382,49.483
2,467,382,49.5245
2,468,382,49.566
2,469,381,49.5937
2,470,381,49.6214
2,471,381,49.6491
2,472,380,49.6908
2,473,380,49.7324
2,474,380,49.7741
2,475,380,49.8159
2,476,380,49.8577
2,477,379,49.9135
2,478,379,49.9554
2,479,379,50.0115
2,480,378,50.0675
2,481,378,50.1376
2,482,377,50.2078
2,483,377,50.2358
2,484,376,50.2701
2,485,376,50.313
2,486,375,50.3461
2,487,375,50.3903
